Company Name,Scope1+2Total,Rank,Exclusions,AssureType,Revenues,Scope1+2-Revenues,RankRevenues,SasbIndustry,RankIndustry,EpaScope1Emit,EpaScope1Rank,EpaScope1/Revenues,EpaRankRevenues
Exxon Mobil Corporation,"100,930,000.00",442.00,yes,limited,"182,075.00",554.33,388.00,Oil & Gas – Exploration & Production,4.00,"42,582,820.00",494,233.88,446.00
The Southern Company,"75,279,857.00",441.00,no,no assurances,"21,267.00","3,539.75",435.00,Electric Utilities & Power Generators,19.00,"87,486,577.00",500,"4,113.72",496.00
Duke Energy Corporation,"74,979,700.00",440.00,no,high,"23,654.00","3,169.85",432.00,Electric Utilities & Power Generators,16.00,"85,956,926.00",499,"3,633.93",493.00
Chevron Corporation,"57,000,000.00",439.00,no,reasonable,"95,842.00",594.73,391.00,Oil & Gas – Exploration & Production,5.00,"22,445,606.00",482,234.19,447.00
"American Electric Power Company, Inc.","49,713,300.00",438.00,no,high,"15,452.10","3,217.25",433.00,Electric Utilities & Power Generators,17.00,"69,794,576.00",498,"4,516.83",498.00
The AES Corporation,"43,478,267.00",437.00,no,limited,"9,957.00","4,366.60",437.00,Electric Utilities & Power Generators,21.00,"19,586,036.00",479,"1,967.06",481.00
"NextEra Energy, Inc.","43,326,682.00",436.00,yes,limited,"17,110.00","2,532.24",424.00,Electric Utilities & Power Generators,11.00,"44,600,926.00",496,"2,606.72",488.00
Marathon Petroleum Corporation,"40,180,000.00",435.00,yes,limited,"70,458.00",570.27,389.00,Oil & Gas – Refining & Marketing,3.00,"32,016,178.00",490,454.40,466.00
Linde plc,"37,216,000.00",434.00,no,limited,"27,747.00","1,341.26",407.00,Chemicals,16.00,"7,983,736.00",462,287.73,452.00
Xcel Energy Inc.,"37,065,176.00",433.00,yes,no assurances,"12,256.00","3,024.25",429.00,Electric Utilities & Power Generators,13.00,"43,084,156.00",495,"3,515.35",492.00
Dow Inc.,"34,760,000.00",432.00,no,limited,"40,654.00",855.02,401.00,Chemicals,15.00,"16,409,523.00",477,403.64,464.00
"Dominion Energy, Inc.","33,268,960.00",431.00,no,limited,"14,104.00","2,358.83",423.00,Electric Utilities & Power Generators,10.00,"35,583,561.00",492,"2,522.94",486.00
Entergy Corporation,"33,064,307.00",430.00,no,limited,"10,531.30","3,139.62",430.00,Electric Utilities & Power Generators,14.00,"36,267,972.00",493,"3,443.83",490.00
Phillips 66,"30,100,000.00",429.00,no,no assurances,"64,935.00",463.54,379.00,Oil & Gas – Refining & Marketing,1.00,"28,933,657.00",488,445.58,465.00
"NRG Energy, Inc.","27,726,002.00",428.00,no,limited,"15,165.00","1,828.29",419.00,Electric Utilities & Power Generators,7.00,"33,406,387.00",491,"2,202.86",483.00
Valero Energy Corporation,"27,500,000.00",427.00,no,no assurances,"59,067.00",465.57,380.00,Oil & Gas – Refining & Marketing,2.00,"23,474,041.00",483,397.41,462.00
Ameren Corporation,"26,025,341.00",426.00,yes,limited,"5,661.00","4,597.30",439.00,Electric Utilities & Power Generators,22.00,"24,314,880.00",484,"4,295.16",497.00
PPL Corporation,"25,096,952.00",425.00,no,no assurances,"7,665.00","3,274.23",434.00,Electric Utilities & Power Generators,18.00,"28,493,455.00",487,"3,717.35",494.00
DTE Energy Company,"24,837,180.00",424.00,no,high,"12,933.00","1,920.45",421.00,Electric Utilities & Power Generators,8.00,"30,757,388.00",489,"2,378.21",484.00
"Air Products and Chemicals, Inc.","24,183,886.00",423.00,no,limited,"9,262.50","2,610.95",426.00,Chemicals,17.00,"12,683,848.00",474,"1,369.38",479.00
LyondellBasell Industries N.V.,"24,100,000.00",422.00,no,reasonable,"29,341.00",821.38,400.00,Chemicals,14.00,"9,110,668.00",464,310.51,456.00
Occidental Petroleum Corporation,"23,123,207.00",421.00,no,reasonable,"16,489.00","1,402.34",411.00,Oil & Gas – Exploration & Production,11.00,"9,798,363.00",467,594.24,470.00
"WEC Energy Group, Inc.","20,241,000.00",420.00,no,no assurances,"7,824.50","2,586.87",425.00,Electric Utilities & Power Generators,12.00,"20,016,080.00",480,"2,558.13",487.00
American Airlines Group Inc.,"20,067,000.00",419.00,no,limited,"12,830.00","1,564.07",417.00,Airlines,4.00,"42,300.00",385,3.30,391.00
"Kinder Morgan, Inc.","18,700,000.00",418.00,yes,limited,"13,805.00","1,354.58",408.00,Oil & Gas – Midstream,2.00,"11,473,790.00",471,831.13,474.00
"CF Industries Holdings, Inc.","18,689,037.00",417.00,no,no assurances,"4,201.00","4,448.71",438.00,Chemicals,18.00,"20,066,539.00",481,"4,776.61",499.00
"Delta Air Lines, Inc.","17,815,645.00",416.00,yes,no assurances,"12,653.00","1,408.02",412.00,Airlines,1.00,"1,501,650.00",443,118.68,440.00
FedEx Corporation,"17,595,633.00",415.00,no,limited,"83,959.00",209.57,359.00,Air Freight & Logistics,4.00,0.00,1,0.00,1.00
"United Parcel Service, Inc.","16,500,000.00",414.00,no,reasonable,"89,501.00",184.36,356.00,Air Freight & Logistics,3.00,0.00,1,0.00,1.00
Walmart Inc.,"16,430,000.00",413.00,no,limited,"562,839.00",29.19,249.00,Multiline and Specialty Retailers & Distributors,14.00,0.00,1,0.00,1.00
"Waste Management, Inc.","16,319,371.00",412.00,yes,limited,"15,601.00","1,046.05",402.00,Waste Management,1.00,"12,711,114.00",475,814.76,473.00
Archer-Daniels-Midland Company,"16,230,000.00",411.00,no,limited,"68,278.00",237.70,364.00,Agricultural Products,1.00,"12,388,843.00",472,181.45,443.00
ConocoPhillips,"16,200,000.00",410.00,yes,limited,"22,772.00",711.40,397.00,Oil & Gas – Exploration & Production,7.00,"9,187,289.00",465,403.45,463.00
FirstEnergy Corp.,"15,860,888.00",409.00,no,no assurances,"10,624.00","1,492.93",415.00,Metals & Mining,3.00,"27,852,435.00",486,"2,621.65",489.00
"United Airlines Holdings, Inc.","15,660,450.00",408.00,no,limited,"10,597.00","1,477.82",414.00,Airlines,2.00,0.00,1,0.00,1.00
CMS Energy Corporation,"15,128,573.00",407.00,no,limited,"6,899.00","2,192.86",422.00,Electric Utilities & Power Generators,9.00,"16,816,630.00",478,"2,437.55",485.00
"Amazon.com, Inc.","14,888,000.00",406.00,no,reasonable,"419,130.00",35.52,275.00,E-commerce,3.00,0.00,1,0.00,1.00
"Republic Services, Inc.","13,453,373.00",405.00,no,limited,"10,196.10","1,319.46",405.00,Waste Management,2.00,"10,363,032.00",470,"1,016.37",477.00
Exelon Corporation,"12,970,146.00",404.00,no,reasonable,"34,182.00",379.44,374.00,Electric Utilities & Power Generators,4.00,"8,591,771.00",463,251.35,449.00
Southwest Airlines Co.,"12,630,318.00",403.00,no,moderate,"6,866.00","1,839.55",420.00,Airlines,5.00,0.00,1,0.00,1.00
Alliant Energy Corporation,"12,628,477.00",402.00,no,no assurances,"3,401.00","3,713.17",436.00,Electric Utilities & Power Generators,20.00,"13,709,269.00",476,"4,030.95",495.00
International Paper Company,"12,400,000.00",401.00,no,no assurances,"20,591.00",602.20,392.00,Containers & Packaging,6.00,"6,149,848.00",459,298.67,454.00
"The Williams Companies, Inc.","11,930,000.00",400.00,yes,limited,"8,418.00","1,417.20",413.00,Oil & Gas – Midstream,3.00,"10,074,614.00",469,"1,196.79",478.00
Pinnacle West Capital Corporation,"11,374,086.00",399.00,no,reasonable,"3,621.53","3,140.69",431.00,Electric Utilities & Power Generators,15.00,"12,628,739.00",473,"3,487.13",491.00
Public Service Enterprise Group Incorporated,"10,376,800.00",398.00,yes,limited,"9,711.00","1,068.56",403.00,Electric Utilities & Power Generators,6.00,"9,210,755.00",466,948.49,476.00
Nucor Corporation,"10,100,000.00",397.00,no,no assurances,"21,532.46",469.06,382.00,Iron & Steel Producers,1.00,"5,554,873.00",457,257.98,450.00
"Tyson Foods, Inc.","10,005,000.00",396.00,yes,no assurances,"43,242.00",231.37,363.00,"Meat, Poultry & Dairy",2.00,"1,804,812.00",446,41.74,431.00
Union Pacific Corporation,"9,280,792.00",395.00,no,type unknown,"19,305.00",480.75,384.00,Rail Transportation,4.00,0.00,1,0.00,1.00
WestRock Company,"9,206,494.00",394.00,yes,limited,"17,547.10",524.67,386.00,Containers & Packaging,5.00,"6,808,157.00",461,387.99,461.00
NiSource Inc.,"7,303,463.00",393.00,no,no assurances,"4,621.80","1,580.22",418.00,Gas Utilities & Distributors,2.00,"9,973,179.00",468,"2,157.86",482.00
"Micron Technology, Inc.","7,141,289.00",392.00,no,limited,"23,503.00",303.85,372.00,Semiconductors,19.00,"649,698.00",429,27.64,424.00
Freeport-McMoRan Inc.,"7,115,819.00",391.00,no,reasonable,"16,250.00",437.90,376.00,Metals & Mining,2.00,"451,096.00",424,27.76,425.00
Sempra Energy,"6,851,000.00",390.00,yes,reasonable,"11,600.00",590.60,390.00,Gas Utilities & Distributors,1.00,"3,561,041.00",452,306.99,455.00
APA Corporation,"6,770,000.00",389.00,no,no assurances,"4,968.00","1,362.72",410.00,Oil & Gas – Exploration & Production,10.00,0.00,1,0.00,1.00
Eastman Chemical Company,"6,372,993.00",388.00,no,no assurances,"8,641.00",737.53,398.00,Chemicals,13.00,"6,334,831.00",460,733.11,472.00
"ONEOK, Inc.","6,300,000.00",387.00,no,limited,"9,600.25",656.23,394.00,Oil & Gas – Midstream,1.00,"3,640,860.00",454,379.25,460.00
Carnival Corporation & plc,"6,298,244.00",386.00,no,limited,140.00,"44,987.46",442.00,Cruise Lines,3.00,0.00,1,0.00,1.00
AT&T Inc.,"5,788,258.00",385.00,no,moderate,"172,920.00",33.47,266.00,Telecommunication Services,5.00,0.00,1,0.00,1.00
"CenterPoint Energy, Inc.","5,295,843.00",384.00,yes,no assurances,"7,798.00",679.13,396.00,Electric Utilities & Power Generators,5.00,"397,227.00",422,50.94,432.00
The Kroger Co.,"5,275,844.00",383.00,no,no assurances,"132,247.00",39.89,284.00,Food Retailers & Distributors,2.00,0.00,1,0.00,1.00
"Martin Marietta Materials, Inc.","5,176,000.00",382.00,no,no assurances,"4,463.00","1,159.76",404.00,Construction Materials,2.00,"3,939,578.00",455,882.72,475.00
"Marriott International, Inc.","5,166,032.00",381.00,no,limited,"1,771.00","2,917.01",428.00,Hotels & Lodging,3.00,0.00,1,0.00,1.00
"DuPont de Nemours, Inc.","5,148,000.00",380.00,yes,limited,"20,703.00",248.66,365.00,Chemicals,9.00,"1,116,805.00",438,53.94,433.00
The Mosaic Company,"4,920,000.00",379.00,yes,limited,"9,180.70",535.91,387.00,Chemicals,11.00,"1,255,351.00",441,136.74,442.00
"EOG Resources, Inc.","4,900,000.00",378.00,no,limited,"10,505.19",466.44,381.00,Oil & Gas – Exploration & Production,2.00,"5,343,231.00",456,508.63,468.00
3M Company,"4,850,000.00",377.00,no,moderate,"32,960.00",147.15,346.00,Chemicals,8.00,"1,188,192.00",439,36.05,429.00
The Coca-Cola Company,"4,770,000.00",376.00,no,limited,"33,433.00",142.67,345.00,Non-Alcoholic Beverages,3.00,0.00,1,0.00,1.00
Marathon Oil Corporation,"4,440,000.00",375.00,no,no assurances,"3,271.00","1,357.38",409.00,Oil & Gas – Exploration & Production,9.00,"5,811,397.00",458,"1,776.64",480.00
"PepsiCo, Inc.","4,410,104.00",374.00,no,limited,"71,311.00",61.84,316.00,Non-Alcoholic Beverages,2.00,"355,556.00",420,4.99,396.00
Devon Energy Corporation,"4,230,000.00",373.00,no,no assurances,"5,365.00",788.44,399.00,Oil & Gas – Exploration & Production,8.00,"2,906,584.00",451,541.77,469.00
"Alaska Air Group, Inc.","4,154,003.00",372.00,no,no assurances,"2,727.00","1,523.29",416.00,Airlines,3.00,0.00,1,0.00,1.00
Verizon Communications Inc.,"4,090,491.00",371.00,no,limited,"129,549.00",31.57,259.00,Telecommunication Services,4.00,0.00,1,0.00,1.00
Cabot Oil & Gas Corporation,"4,050,000.00",370.00,no,limited,"1,507.74","2,686.14",427.00,Oil & Gas – Exploration & Production,12.00,"530,870.00",426,352.10,459.00
Norfolk Southern Corporation,"3,963,111.00",369.00,no,limited,"9,803.00",404.28,375.00,Rail Transportation,2.00,"13,967.00",370,1.42,375.00
CSX Corporation,"3,960,944.00",368.00,yes,reasonable,"10,541.00",375.77,373.00,Rail Transportation,1.00,0.00,1,0.00,1.00
General Motors Company,"3,813,946.00",367.00,no,limited,"122,250.00",31.20,257.00,Automobiles,2.00,"676,789.00",430,5.54,398.00
"Consolidated Edison, Inc.","3,660,000.00",366.00,no,no assurances,"12,689.00",288.44,369.00,Electric Utilities & Power Generators,3.00,"2,805,163.00",450,221.07,445.00
Celanese Corporation,"3,646,965.00",365.00,yes,reasonable,"5,993.00",608.54,393.00,Chemicals,12.00,"2,100,703.00",447,350.53,458.00
Ford Motor Company,"3,572,034.00",364.00,no,limited,"129,052.00",27.68,243.00,Automobiles,1.00,"633,370.00",428,4.91,395.00
Newmont Corporation,"3,455,480.00",363.00,no,moderate,"11,788.00",293.14,371.00,Metals & Mining,1.00,"1,114,027.00",437,94.51,439.00
Kimberly-Clark Corporation,"3,370,838.00",362.00,no,limited,"18,874.00",178.60,355.00,Household & Personal Products,7.00,"1,111,952.00",436,58.91,434.00
Hess Corporation,"3,353,482.00",361.00,no,limited,"5,092.00",658.58,395.00,Oil & Gas – Exploration & Production,6.00,"3,581,050.00",453,703.27,471.00
Packaging Corporation of America,"3,110,000.00",360.00,no,no assurances,"6,756.70",460.28,378.00,Containers & Packaging,4.00,"1,583,107.00",444,234.30,448.00
Intel Corporation,"2,882,000.00",359.00,no,limited,"77,712.00",37.09,279.00,Semiconductors,13.00,"735,842.00",432,9.47,409.00
Corning Incorporated,"2,800,000.00",358.00,no,no assurances,"12,202.00",229.47,362.00,Hardware,12.00,"210,342.00",415,17.24,419.00
Halliburton Company,"2,692,612.00",357.00,no,no assurances,"12,859.00",209.40,358.00,Oil & Gas – Services,3.00,"79,442.00",396,6.18,402.00
Costco Wholesale Corporation,"2,663,033.00",356.00,no,type unknown,"186,637.00",14.27,187.00,Multiline and Specialty Retailers & Distributors,5.00,0.00,1,0.00,1.00
"Mohawk Industries, Inc.","2,626,945.00",355.00,no,no assurances,"9,935.46",264.40,367.00,Building Products & Furnishings,3.00,"337,741.00",419,33.99,428.00
The Procter & Gamble Company,"2,625,000.00",354.00,yes,limited,"74,870.00",35.06,274.00,Household & Personal Products,5.00,"1,752,006.00",445,23.40,423.00
Royal Caribbean Group,"2,502,144.00",353.00,no,limited,218.07,"11,474.04",440.00,Cruise Lines,1.00,0.00,1,0.00,1.00
Comcast Corporation,"2,222,593.00",352.00,no,limited,"104,160.00",21.34,215.00,Telecommunication Services,1.00,0.00,1,0.00,1.00
Honeywell International Inc.,"2,218,536.00",351.00,no,limited,"32,628.00",67.99,322.00,Electrical & Electronic Equipment,17.00,"731,027.00",431,22.40,421.00
Edison International,"2,200,000.00",350.00,no,no assurances,"13,748.00",160.02,350.00,Electric Utilities & Power Generators,2.00,"1,241,056.00",440,90.27,438.00
General Electric Company,"2,080,000.00",349.00,no,no assurances,"77,248.00",26.93,240.00,Electrical & Electronic Equipment,8.00,"789,177.00",433,10.22,411.00
"HCA Healthcare, Inc.","2,069,949.00",348.00,yes,limited,"52,649.00",39.32,282.00,Health Care Delivery,4.00,0.00,1,0.00,1.00
"Lumen Technologies, Inc.","2,003,874.00",347.00,no,limited,"20,513.00",97.69,333.00,Telecommunication Services,6.00,0.00,1,0.00,1.00
Amcor plc,"1,961,274.00",346.00,yes,limited,"12,549.50",156.28,348.00,Containers & Packaging,3.00,0.00,1,0.00,1.00
Texas Instruments Incorporated,"1,916,743.00",345.00,yes,limited,"15,421.00",124.29,343.00,Semiconductors,18.00,"967,875.00",434,62.76,435.00
"T-Mobile US, Inc.","1,911,386.00",344.00,yes,limited,"77,043.00",24.81,234.00,Telecommunication Services,2.00,0.00,1,0.00,1.00
"Lowe's Companies, Inc.","1,902,000.00",343.00,no,limited,"94,344.00",20.16,207.00,Multiline and Specialty Retailers & Distributors,12.00,0.00,1,0.00,1.00
Target Corporation,"1,883,429.00",342.00,yes,limited,"98,143.00",19.19,204.00,Multiline and Specialty Retailers & Distributors,11.00,0.00,1,0.00,1.00
"Digital Realty Trust, Inc.","1,866,188.00",341.00,no,limited,"4,169.00",447.63,377.00,Real Estate,24.00,0.00,1,0.00,1.00
"Walgreens Boots Alliance, Inc.","1,853,000.00",340.00,no,limited,"142,507.00",13.00,179.00,Drug Retailers,2.00,0.00,1,0.00,1.00
"The Home Depot, Inc.","1,821,000.00",339.00,no,no assurances,"141,350.00",12.88,177.00,Multiline and Specialty Retailers & Distributors,4.00,0.00,1,0.00,1.00
"J.B. Hunt Transport Services, Inc.","1,764,625.00",338.00,no,limited,"9,973.90",176.92,354.00,Road Transportation,1.00,0.00,1,0.00,1.00
Pioneer Natural Resources Company,"1,739,532.00",337.00,no,no assurances,"8,080.00",215.29,360.00,Oil & Gas – Exploration & Production,1.00,"2,383,190.00",448,294.95,453.00
Hilton Worldwide Holdings Inc.,"1,718,234.00",336.00,no,limited,"1,298.00","1,323.76",406.00,Hotels & Lodging,2.00,0.00,1,0.00,1.00
Schlumberger Limited,"1,636,000.00",335.00,no,no assurances,"21,369.00",76.56,327.00,Oil & Gas – Services,2.00,0.00,1,0.00,1.00
Dollar General Corporation,"1,623,033.00",334.00,no,no assurances,"33,699.35",48.16,301.00,Multiline and Specialty Retailers & Distributors,15.00,0.00,1,0.00,1.00
Raytheon Technologies Corporation,"1,557,479.00",333.00,no,limited,"60,478.00",25.75,236.00,Aerospace & Defense,7.00,0.00,1,0.00,1.00
"Mondelez International, Inc.","1,527,318.00",332.00,no,reasonable,"27,112.00",56.33,313.00,Processed Foods,6.00,0.00,1,0.00,1.00
"Charter Communications, Inc.","1,474,549.00",331.00,no,no assurances,"48,881.00",30.17,252.00,Telecommunication Services,3.00,0.00,1,0.00,1.00
"Diamondback Energy, Inc.","1,473,576.00",330.00,no,limited,"2,939.00",501.39,385.00,Oil & Gas – Exploration & Production,3.00,"1,419,920.00",442,483.13,467.00
Hormel Foods Corporation,"1,469,043.00",329.00,no,no assurances,"9,869.33",148.85,347.00,"Meat, Poultry & Dairy",1.00,"61,277.00",391,6.21,403.00
Caterpillar Inc.,"1,461,000.00",328.00,no,limited,"43,000.00",33.98,267.00,Industrial Machinery & Goods,10.00,"596,462.00",427,13.87,416.00
Norwegian Cruise Line Holdings Ltd.,"1,446,237.00",327.00,no,limited,36.13,"40,028.70",441.00,Cruise Lines,2.00,0.00,1,0.00,1.00
"Dollar Tree, Inc.","1,359,055.00",326.00,no,no assurances,"25,702.20",52.88,308.00,Multiline and Specialty Retailers & Distributors,16.00,0.00,1,0.00,1.00
Pfizer Inc.,"1,350,000.00",325.00,no,limited,"46,407.00",29.09,247.00,Biotechnology & Pharmaceuticals,14.00,"252,419.00",417,5.44,397.00
The Walt Disney Company,"1,342,649.00",324.00,no,limited,"58,348.00",23.01,224.00,Media & Entertainment,3.00,"107,929.00",400,1.85,380.00
The Kraft Heinz Company,"1,297,152.00",323.00,yes,limited,"26,422.00",49.09,302.00,Processed Foods,5.00,"46,698.00",386,1.77,379.00
Kansas City Southern,"1,230,000.00",322.00,no,limited,"2,606.90",471.82,383.00,Rail Transportation,3.00,0.00,1,0.00,1.00
Seagate Technology Holdings plc,"1,199,080.00",321.00,no,limited,"10,185.00",117.73,340.00,Hardware,11.00,0.00,1,0.00,1.00
The Boeing Company,"1,185,000.00",320.00,yes,limited,"56,467.00",20.99,214.00,Aerospace & Defense,5.00,"172,670.00",412,3.06,388.00
CVS Health Corporation,"1,142,764.00",319.00,no,limited,"270,115.00",4.23,88.00,Drug Retailers,1.00,0.00,1,0.00,1.00
"Old Dominion Freight Line, Inc.","1,140,641.00",318.00,no,no assurances,"4,154.28",274.57,368.00,Road Transportation,2.00,0.00,1,0.00,1.00
Ball Corporation,"1,112,399.00",317.00,no,limited,"12,121.00",91.77,329.00,Containers & Packaging,1.00,0.00,1,0.00,1.00
Sysco Corporation,"1,088,973.00",316.00,yes,limited,"44,027.51",24.73,232.00,Food Retailers & Distributors,1.00,0.00,1,0.00,1.00
Weyerhaeuser Company,"1,020,000.00",315.00,no,no assurances,"8,310.00",122.74,342.00,Forestry Management,1.00,"35,996.00",382,4.33,394.00
Molson Coors Beverage Company,"1,017,929.00",314.00,no,limited,"9,449.60",107.72,338.00,Alcoholic Beverages,3.00,"30,167.00",378,3.19,390.00
"Merck & Co., Inc.","993,800.00",313.00,no,limited,"48,017.00",20.70,212.00,Biotechnology & Pharmaceuticals,12.00,"368,933.00",421,7.68,405.00
"Corteva, Inc.","980,000.00",312.00,no,no assurances,"14,439.00",67.87,321.00,Chemicals,7.00,"117,617.00",404,8.15,407.00
Western Digital Corporation,"976,035.00",311.00,no,limited,"16,289.00",59.92,315.00,Hardware,10.00,0.00,1,0.00,1.00
Vulcan Materials Company,"965,246.00",310.00,no,no assurances,"4,875.93",197.96,357.00,Construction Materials,1.00,0.00,1,0.00,1.00
Alphabet Inc.,"950,109.00",309.00,yes,limited,"196,682.00",4.83,95.00,Internet Media & Services,3.00,"19,992.00",372,0.10,369.00
NXP Semiconductors N.V.,"948,481.00",308.00,no,no assurances,"9,158.00",103.57,335.00,Semiconductors,16.00,"297,794.00",418,32.52,427.00
Albemarle Corporation,"935,000.00",307.00,no,no assurances,"3,219.36",290.43,370.00,Chemicals,10.00,"242,639.00",416,75.37,436.00
Abbott Laboratories,"906,100.00",306.00,no,limited,"37,338.00",24.27,230.00,Medical Equipment & Supplies,19.00,"113,543.00",402,3.04,387.00
Kellogg Company,"904,000.00",305.00,yes,limited,"13,942.00",64.84,319.00,Processed Foods,7.00,"166,564.00",411,11.95,413.00
Eaton Corporation plc,"900,557.00",304.00,yes,reasonable,"17,761.00",50.70,304.00,Electrical & Electronic Equipment,15.00,0.00,1,0.00,1.00
"Conagra Brands, Inc.","829,443.00",303.00,yes,limited,"11,733.10",70.69,323.00,Processed Foods,8.00,"123,700.00",405,10.54,412.00
"Caesars Entertainment, Inc.","810,187.00",302.00,no,limited,"4,692.00",172.67,353.00,Hotels & Lodging,1.00,"56,406.00",389,12.02,414.00
Howmet Aerospace Inc.,"800,000.00",301.00,no,no assurances,"4,834.00",165.49,351.00,Aerospace & Defense,10.00,0.00,1,0.00,1.00
Lockheed Martin Corporation,"790,535.00",300.00,no,limited,"66,005.00",11.98,170.00,Aerospace & Defense,2.00,"114,741.00",403,1.74,378.00
"PPG Industries, Inc.","789,236.00",299.00,no,limited,"14,338.00",55.05,311.00,Chemicals,5.00,"144,905.00",407,10.11,410.00
Johnson Controls International plc,"779,167.00",298.00,no,limited,"22,232.00",35.05,273.00,Electrical & Electronic Equipment,10.00,0.00,1,0.00,1.00
Deere & Company,"766,000.00",297.00,yes,type unknown,"39,800.00",19.25,206.00,Resource Transformation,1.00,"63,353.00",393,1.59,377.00
Emerson Electric Co.,"765,742.00",296.00,no,no assurances,"17,064.00",44.87,295.00,Electrical & Electronic Equipment,14.00,0.00,1,0.00,1.00
Johnson & Johnson,"747,669.00",295.00,no,limited,"84,214.00",8.88,139.00,Biotechnology & Pharmaceuticals,8.00,0.00,1,0.00,1.00
Campbell Soup Company,"722,200.00",294.00,yes,limited,"8,711.00",82.91,328.00,Processed Foods,9.00,"197,537.00",413,22.68,422.00
Eversource Energy,"685,493.00",293.00,no,limited,"9,356.54",73.26,325.00,Electric Utilities & Power Generators,1.00,"153,537.00",409,16.41,417.00
Baker Hughes Company,"684,385.00",292.00,no,limited,"20,062.00",34.11,269.00,Oil & Gas – Services,1.00,0.00,1,0.00,1.00
"Darden Restaurants, Inc.","683,294.00",291.00,no,no assurances,"7,196.10",94.95,331.00,Restaurants,5.00,0.00,1,0.00,1.00
General Dynamics Corporation,"680,600.00",290.00,no,limited,"38,565.00",17.65,201.00,Aerospace & Defense,4.00,0.00,1,0.00,1.00
Eli Lilly and Company,"671,230.00",289.00,yes,limited,"25,485.60",26.34,238.00,Biotechnology & Pharmaceuticals,13.00,0.00,1,0.00,1.00
Viatris Inc.,"659,000.00",288.00,yes,no assurances,"13,757.10",47.90,300.00,Biotechnology & Pharmaceuticals,18.00,0.00,1,0.00,1.00
Microchip Technology Incorporated,"653,748.00",287.00,no,no assurances,"5,438.40",120.21,341.00,Semiconductors,17.00,"413,034.00",423,75.95,437.00
Whirlpool Corporation,"648,571.00",286.00,yes,limited,"20,489.00",31.65,260.00,Appliance Manufacturing,1.00,"22,836.00",373,1.11,374.00
American Tower Corporation (REIT),"627,705.00",285.00,yes,no assurances,"8,206.90",76.49,326.00,Real Estate,16.00,0.00,1,0.00,1.00
The Sherwin-Williams Company,"627,265.00",284.00,no,no assurances,"18,871.00",33.24,265.00,Chemicals,3.00,0.00,1,0.00,1.00
Starbucks Corporation,"627,000.00",283.00,no,limited,"23,842.70",26.30,237.00,Restaurants,1.00,0.00,1,0.00,1.00
International Business Machines Corporation,"621,271.00",282.00,yes,limited,"73,779.00",8.42,135.00,Software & IT Services,24.00,0.00,1,0.00,1.00
Baxter International Inc.,"611,000.00",281.00,no,reasonable,"11,817.00",51.71,305.00,Medical Equipment & Supplies,21.00,0.00,1,0.00,1.00
Parker-Hannifin Corporation,"600,300.00",280.00,no,no assurances,"13,549.37",44.30,294.00,Industrial Machinery & Goods,13.00,0.00,1,0.00,1.00
Cummins Inc.,"594,529.00",279.00,no,limited,"20,892.00",28.46,244.00,Industrial Machinery & Goods,8.00,0.00,1,0.00,1.00
"Quanta Services, Inc.","585,939.00",278.00,no,no assurances,"11,142.16",52.59,307.00,Engineering & Construction Services,2.00,0.00,1,0.00,1.00
"General Mills, Inc.","559,000.00",277.00,no,moderate,"18,626.40",30.01,251.00,Processed Foods,2.00,"69,236.00",395,3.72,392.00
TE Connectivity Ltd.,"558,285.00",276.00,yes,limited,"13,069.00",42.72,291.00,Electrical & Electronic Equipment,13.00,0.00,1,0.00,1.00
"American Water Works Company, Inc.","545,111.00",275.00,yes,no assurances,"3,821.00",142.66,344.00,Water Utilities & Services,1.00,0.00,1,0.00,1.00
"The TJX Companies, Inc.","542,645.00",274.00,no,limited,"37,814.74",14.35,188.00,Multiline and Specialty Retailers & Distributors,6.00,0.00,1,0.00,1.00
Las Vegas Sands Corp.,"541,756.00",273.00,no,limited,"3,391.00",159.76,349.00,Casinos & Gaming,2.00,0.00,1,0.00,1.00
McDonald's Corporation,"528,793.00",272.00,no,no assurances,"19,618.00",26.95,241.00,Restaurants,2.00,0.00,1,0.00,1.00
AbbVie Inc.,"513,000.00",271.00,no,limited,"50,195.00",10.22,153.00,Biotechnology & Pharmaceuticals,11.00,"154,326.00",410,3.07,389.00
Textron Inc.,"511,242.00",270.00,no,no assurances,"11,753.00",43.50,293.00,Aerospace & Defense,9.00,"66,577.00",394,5.66,399.00
Thermo Fisher Scientific Inc.,"510,411.00",269.00,no,moderate,"35,894.00",14.22,186.00,Medical Equipment & Supplies,17.00,0.00,1,0.00,1.00
Welltower Inc.,"469,011.00",268.00,no,limited,"4,399.43",106.61,337.00,Real Estate,20.00,0.00,1,0.00,1.00
Cintas Corporation,"466,629.00",267.00,no,no assurances,"6,900.26",67.62,320.00,"Apparel, Accessories & Footwear",10.00,0.00,1,0.00,1.00
Sealed Air Corporation,"465,009.00",266.00,no,no assurances,"4,996.40",93.07,330.00,Containers & Packaging,2.00,0.00,1,0.00,1.00
Illinois Tool Works Inc.,"458,900.00",265.00,no,limited,"12,890.00",35.60,276.00,Industrial Machinery & Goods,11.00,"9,104.00",369,0.71,373.00
Colgate-Palmolive Company,"442,230.00",264.00,no,limited,"16,718.00",26.45,239.00,Household & Personal Products,3.00,0.00,1,0.00,1.00
"Becton, Dickinson and Company","433,451.00",263.00,no,no assurances,"18,861.00",22.98,223.00,Medical Equipment & Supplies,18.00,0.00,1,0.00,1.00
Oracle Corporation,"429,577.00",262.00,no,no assurances,"40,479.00",10.61,161.00,Software & IT Services,28.00,0.00,1,0.00,1.00
"Cardinal Health, Inc.","421,300.00",261.00,yes,limited,"156,570.00",2.69,68.00,Health Care Distributors,4.00,0.00,1,0.00,1.00
Northrop Grumman Corporation,"414,904.00",260.00,yes,limited,"37,336.00",11.11,165.00,Aerospace & Defense,1.00,"112,718.00",401,3.02,386.00
Philip Morris International Inc.,"412,999.00",259.00,no,reasonable,"29,126.00",14.18,185.00,Tobacco,2.00,0.00,1,0.00,1.00
"Wynn Resorts, Limited","412,810.00",258.00,no,no assurances,"1,867.93",221.00,361.00,Casinos & Gaming,3.00,0.00,1,0.00,1.00
"United Rentals, Inc.","402,519.00",257.00,no,no assurances,"8,462.00",47.57,299.00,Industrial Machinery & Goods,14.00,0.00,1,0.00,1.00
Avery Dennison Corporation,"402,220.00",256.00,yes,limited,"7,299.80",55.10,312.00,Chemicals,6.00,0.00,1,0.00,1.00
"Best Buy Co., Inc.","401,179.00",255.00,no,type unknown,"50,337.00",7.97,132.00,Multiline and Specialty Retailers & Distributors,2.00,0.00,1,0.00,1.00
Carrier Global Corporation,"391,750.00",254.00,yes,no assurances,"18,267.00",21.45,216.00,Electrical & Electronic Equipment,6.00,0.00,1,0.00,1.00
"Equinix, Inc. (REIT)","382,800.00",253.00,no,no assurances,"6,114.63",62.60,317.00,Real Estate,14.00,0.00,1,0.00,1.00
DXC Technology Company,"380,880.00",252.00,no,limited,"17,729.00",21.48,217.00,Software & IT Services,30.00,0.00,1,0.00,1.00
Newell Brands Inc.,"372,119.00",251.00,no,no assurances,"9,787.00",38.02,280.00,Household & Personal Products,6.00,0.00,1,0.00,1.00
"Ventas, Inc.","371,234.00",250.00,no,limited,"3,713.67",99.96,334.00,Real Estate,18.00,0.00,1,0.00,1.00
Trane Technologies plc,"348,770.00",249.00,no,limited,"12,831.00",27.18,242.00,Electrical & Electronic Equipment,9.00,0.00,1,0.00,1.00
"Constellation Brands, Inc.","347,474.00",248.00,no,limited,"8,614.90",40.33,285.00,Alcoholic Beverages,2.00,0.00,1,0.00,1.00
BorgWarner Inc.,"342,520.00",247.00,yes,no assurances,"11,895.00",28.80,245.00,Auto Parts,2.00,0.00,1,0.00,1.00
Ecolab Inc.,"340,004.00",246.00,no,limited,"11,654.60",29.17,248.00,Chemicals,1.00,0.00,1,0.00,1.00
Amphenol Corporation,"337,758.00",245.00,no,no assurances,"9,114.00",37.06,278.00,Electrical & Electronic Equipment,12.00,0.00,1,0.00,1.00
Laboratory Corporation of America Holdings,"332,078.00",244.00,no,no assurances,"15,316.20",21.68,218.00,Health Care Delivery,3.00,"36,946.00",384,2.41,384.00
The J. M. Smucker Company,"328,442.00",243.00,no,limited,"8,002.70",41.04,288.00,Processed Foods,4.00,"23,912.00",375,2.99,385.00
"Fortune Brands Home & Security, Inc.","323,817.00",242.00,yes,no assurances,"6,458.60",50.14,303.00,Building Products & Furnishings,2.00,0.00,1,0.00,1.00
Aptiv PLC,"322,870.00",241.00,no,limited,"13,863.00",23.29,225.00,Auto Parts,1.00,0.00,1,0.00,1.00
"L3Harris Technologies, Inc.","317,855.00",240.00,no,no assurances,"18,135.00",17.53,200.00,Aerospace & Defense,3.00,0.00,1,0.00,1.00
QUALCOMM Incorporated,"315,526.00",239.00,no,no assurances,"29,409.00",10.73,162.00,Semiconductors,9.00,"62,144.00",392,2.11,382.00
Danaher Corporation,"312,860.00",238.00,no,no assurances,"24,799.00",12.62,173.00,Medical Equipment & Supplies,16.00,0.00,1,0.00,1.00
Westinghouse Air Brake Technologies Corporation,"305,095.00",237.00,no,limited,"7,456.40",40.92,287.00,Industrial Machinery & Goods,12.00,0.00,1,0.00,1.00
Zoetis Inc.,"298,206.00",236.00,yes,no assurances,"7,012.00",42.53,290.00,Biotechnology & Pharmaceuticals,16.00,0.00,1,0.00,1.00
The Hershey Company,"290,840.00",235.00,yes,no assurances,"8,408.35",34.59,272.00,Processed Foods,3.00,0.00,1,0.00,1.00
"Qorvo, Inc.","290,473.00",234.00,no,no assurances,"4,015.31",72.34,324.00,Semiconductors,15.00,"145,144.00",408,36.15,430.00
"Healthpeak Properties, Inc.","288,724.00",233.00,no,limited,"1,719.10",167.95,352.00,Real Estate,22.00,0.00,1,0.00,1.00
Microsoft Corporation,"287,639.00",232.00,no,limited,"159,969.00",1.80,54.00,Software & IT Services,9.00,0.00,1,0.00,1.00
"Altria Group, Inc.","280,968.00",231.00,no,limited,"20,675.00",13.59,183.00,Tobacco,1.00,"87,832.00",399,4.25,393.00
Bristol-Myers Squibb Company,"278,040.00",230.00,no,no assurances,"42,810.00",6.49,112.00,Biotechnology & Pharmaceuticals,7.00,"84,259.00",398,1.97,381.00
Medtronic plc,"270,969.00",229.00,no,no assurances,"30,117.00",9.00,141.00,Medical Equipment & Supplies,7.00,0.00,1,0.00,1.00
The Clorox Company,"259,543.00",228.00,no,limited,"7,522.00",34.50,271.00,Household & Personal Products,4.00,0.00,1,0.00,1.00
McKesson Corporation,"255,341.00",227.00,no,no assurances,"238,228.00",1.07,31.00,Health Care Distributors,2.00,0.00,1,0.00,1.00
Tractor Supply Company,"249,031.00",226.00,no,no assurances,"11,453.50",21.74,219.00,Multiline and Specialty Retailers & Distributors,13.00,0.00,1,0.00,1.00
International Flavors & Fragrances Inc.,"247,272.00",225.00,no,limited,"6,202.24",39.87,283.00,Chemicals,4.00,"36,254.00",383,5.85,400.00
"Stanley Black & Decker, Inc.","246,837.00",224.00,no,moderate,"15,602.30",15.82,195.00,Industrial Machinery & Goods,5.00,0.00,1,0.00,1.00
"Chipotle Mexican Grill, Inc.","244,164.00",223.00,no,type unknown,"6,315.44",38.66,281.00,Restaurants,4.00,0.00,1,0.00,1.00
Amgen Inc.,"243,000.00",222.00,no,limited,"25,164.00",9.66,150.00,Biotechnology & Pharmaceuticals,10.00,"35,994.00",381,1.43,376.00
"The Gap, Inc.","240,724.00",221.00,no,limited,"15,684.00",15.35,192.00,"Apparel, Accessories & Footwear",6.00,0.00,1,0.00,1.00
Broadcom Inc.,"240,722.00",220.00,no,no assurances,"25,553.00",9.42,147.00,Semiconductors,7.00,"204,888.00",414,8.02,406.00
PACCAR Inc,"239,039.00",219.00,no,limited,"19,412.30",12.31,172.00,Industrial Machinery & Goods,1.00,0.00,1,0.00,1.00
"Host Hotels & Resorts, Inc.","237,299.00",218.00,no,limited,942.00,251.91,366.00,Real Estate,23.00,0.00,1,0.00,1.00
"Ross Stores, Inc.","226,714.00",217.00,no,type unknown,"15,204.97",14.91,190.00,Multiline and Specialty Retailers & Distributors,7.00,0.00,1,0.00,1.00
DaVita Inc.,"221,829.00",216.00,no,limited,"11,529.37",19.24,205.00,Health Care Delivery,2.00,0.00,1,0.00,1.00
"AutoZone, Inc.","221,037.00",215.00,no,no assurances,"14,262.07",15.50,193.00,Multiline and Specialty Retailers & Distributors,8.00,0.00,1,0.00,1.00
"Catalent, Inc.","220,000.00",214.00,no,no assurances,"3,757.40",58.55,314.00,Biotechnology & Pharmaceuticals,19.00,0.00,1,0.00,1.00
"Alexandria Real Estate Equities, Inc.","212,154.00",213.00,no,no assurances,"1,948.01",108.91,339.00,Real Estate,21.00,0.00,1,0.00,1.00
Otis Worldwide Corporation,"209,000.00",212.00,no,no assurances,"13,198.00",15.84,196.00,Electrical & Electronic Equipment,3.00,0.00,1,0.00,1.00
"L Brands, Inc.","207,540.00",211.00,no,limited,"13,217.00",15.70,194.00,"Apparel, Accessories & Footwear",7.00,0.00,1,0.00,1.00
Truist Financial Corporation,"203,576.00",210.00,no,moderate,"21,086.00",9.65,149.00,Commercial Banks,10.00,0.00,1,0.00,1.00
"Cisco Systems, Inc.","202,859.00",209.00,no,limited,"48,846.00",4.15,86.00,Hardware,5.00,0.00,1,0.00,1.00
LKQ Corporation,"202,503.00",208.00,yes,no assurances,"11,798.68",17.16,199.00,Multiline and Specialty Retailers & Distributors,10.00,0.00,1,0.00,1.00
MGM Resorts International,"199,686.00",207.00,no,limited,"4,352.19",45.88,297.00,Casinos & Gaming,1.00,"138,029.00",406,31.71,426.00
Hewlett Packard Enterprise Company,"193,748.00",206.00,no,limited,"27,557.00",7.03,120.00,Software & IT Services,21.00,0.00,1,0.00,1.00
U.S. Bancorp,"193,138.00",205.00,no,limited,"20,765.00",9.30,146.00,Commercial Banks,9.00,0.00,1,0.00,1.00
Iron Mountain Incorporated,"187,413.00",204.00,yes,limited,"4,160.58",45.04,296.00,Software & IT Services,33.00,0.00,1,0.00,1.00
"Simon Property Group, Inc.","184,871.00",203.00,yes,limited,"4,491.73",41.16,289.00,Real Estate,12.00,0.00,1,0.00,1.00
Quest Diagnostics Incorporated,"183,858.00",202.00,no,no assurances,"10,335.00",17.79,202.00,Health Care Delivery,1.00,0.00,1,0.00,1.00
Morgan Stanley,"181,400.00",201.00,no,limited,"54,643.00",3.32,77.00,Investment Banking & Brokerage,3.00,0.00,1,0.00,1.00
Masco Corporation,"180,000.00",200.00,no,no assurances,"7,577.00",23.76,227.00,Building Products & Furnishings,1.00,0.00,1,0.00,1.00
Accenture plc,"176,928.00",199.00,no,limited,"47,949.38",3.69,82.00,Software & IT Services,11.00,0.00,1,0.00,1.00
Hanesbrands Inc.,"173,774.00",198.00,yes,limited,"6,969.31",24.93,235.00,"Apparel, Accessories & Footwear",9.00,0.00,1,0.00,1.00
UnitedHealth Group Incorporated,"173,228.00",197.00,yes,moderate,"262,916.00",0.66,21.00,Managed Care,1.00,0.00,1,0.00,1.00
HP Inc.,"171,000.00",196.00,no,limited,"61,075.00",2.80,69.00,Hardware,4.00,0.00,1,0.00,1.00
"The PNC Financial Services Group, Inc.","170,574.00",195.00,no,no assurances,"15,075.00",11.32,166.00,Commercial Banks,11.00,0.00,1,0.00,1.00
"Yum! Brands, Inc.","169,860.00",194.00,yes,limited,"5,875.00",28.91,246.00,Restaurants,3.00,0.00,1,0.00,1.00
"CarMax, Inc.","167,677.00",193.00,no,no assurances,"24,588.77",6.82,117.00,Multiline and Specialty Retailers & Distributors,1.00,0.00,1,0.00,1.00
ViacomCBS Inc.,"166,430.00",192.00,no,no assurances,"26,198.00",6.35,108.00,Media & Entertainment,1.00,0.00,1,0.00,1.00
A. O. Smith Corporation,"164,253.00",191.00,yes,no assurances,"3,027.40",54.26,310.00,Electrical & Electronic Equipment,16.00,0.00,1,0.00,1.00
Vornado Realty Trust,"163,187.00",190.00,no,limited,"1,557.60",104.77,336.00,Real Estate,19.00,0.00,1,0.00,1.00
Perrigo Company plc,"153,918.00",189.00,no,no assurances,"4,990.00",30.85,255.00,Biotechnology & Pharmaceuticals,15.00,0.00,1,0.00,1.00
Centene Corporation,"153,236.00",188.00,yes,no assurances,"108,147.00",1.42,44.00,Managed Care,5.00,0.00,1,0.00,1.00
"Applied Materials, Inc.","151,300.00",187.00,yes,limited,"19,827.00",7.63,129.00,Semiconductors,5.00,0.00,1,0.00,1.00
FMC Corporation,"150,615.00",186.00,yes,limited,"4,587.70",32.83,264.00,Chemicals,2.00,0.00,1,0.00,1.00
Stryker Corporation,"143,526.00",185.00,no,reasonable,"14,716.00",9.75,151.00,Medical Equipment & Supplies,9.00,0.00,1,0.00,1.00
"Analog Devices, Inc.","140,623.00",184.00,no,no assurances,"6,202.30",22.67,222.00,Semiconductors,11.00,"52,234.00",387,8.42,408.00
Cigna Corporation,"136,321.00",183.00,no,limited,"163,141.00",0.84,27.00,Managed Care,3.00,0.00,1,0.00,1.00
Extra Space Storage Inc.,"135,770.00",182.00,no,no assurances,"1,406.89",96.50,332.00,Real Estate,17.00,0.00,1,0.00,1.00
Cerner Corporation,"133,884.00",181.00,no,no assurances,"5,481.83",24.42,231.00,Software & IT Services,31.00,0.00,1,0.00,1.00
"Charles River Laboratories International, Inc.","130,362.00",180.00,no,no assurances,"3,041.44",42.86,292.00,Biotechnology & Pharmaceuticals,17.00,0.00,1,0.00,1.00
"Skyworks Solutions, Inc.","128,198.00",179.00,no,no assurances,"4,375.30",29.30,250.00,Semiconductors,12.00,"31,360.00",379,7.17,404.00
News Corporation,"123,233.00",178.00,no,reasonable,"8,815.00",13.98,184.00,Media & Entertainment,2.00,0.00,1,0.00,1.00
"West Pharmaceutical Services, Inc.","120,859.00",177.00,yes,no assurances,"2,326.10",51.96,306.00,Medical Equipment & Supplies,22.00,0.00,1,0.00,1.00
"McCormick & Company, Incorporated","119,280.00",176.00,no,no assurances,"5,870.80",20.32,208.00,Processed Foods,1.00,0.00,1,0.00,1.00
"NIKE, Inc.","119,140.00",175.00,yes,limited,"44,538.00",2.68,67.00,"Apparel, Accessories & Footwear",1.00,0.00,1,0.00,1.00
Ingersoll Rand Inc.,"116,997.00",174.00,no,limited,"5,576.50",20.98,213.00,Industrial Machinery & Goods,6.00,0.00,1,0.00,1.00
Equity Residential,"116,821.00",173.00,no,limited,"2,487.00",46.97,298.00,Real Estate,13.00,0.00,1,0.00,1.00
"Ulta Beauty, Inc.","114,426.00",172.00,no,no assurances,"6,917.26",16.54,197.00,Multiline and Specialty Retailers & Distributors,9.00,0.00,1,0.00,1.00
Lam Research Corporation,"113,483.00",171.00,no,no assurances,"13,272.84",8.55,136.00,Semiconductors,6.00,0.00,1,0.00,1.00
AmerisourceBergen Corporation,"113,218.00",170.00,no,moderate,"196,282.27",0.58,18.00,Health Care Distributors,1.00,0.00,1,0.00,1.00
Brown-Forman Corporation,"110,000.00",169.00,no,limited,"3,461.00",31.78,261.00,Alcoholic Beverages,1.00,"57,438.00",390,16.60,418.00
"AMETEK, Inc.","110,000.00",168.00,no,no assurances,"4,553.55",24.16,228.00,Electrical & Electronic Equipment,7.00,0.00,1,0.00,1.00
"Mid-America Apartment Communities, Inc.","109,001.00",167.00,no,no assurances,"1,684.89",64.69,318.00,Real Estate,15.00,0.00,1,0.00,1.00
Cognizant Technology Solutions Corporation,"108,122.00",166.00,yes,limited,"16,828.00",6.43,110.00,Software & IT Services,17.00,0.00,1,0.00,1.00
"Rockwell Automation, Inc.","108,100.00",165.00,no,no assurances,"6,305.40",17.14,198.00,Electrical & Electronic Equipment,4.00,0.00,1,0.00,1.00
The Progressive Corporation,"108,000.00",164.00,no,no assurances,"44,759.60",2.41,61.00,Insurance,14.00,0.00,1,0.00,1.00
"The Cooper Companies, Inc.","107,900.00",163.00,no,no assurances,"2,659.80",40.57,286.00,Medical Equipment & Supplies,20.00,0.00,1,0.00,1.00
Ralph Lauren Corporation,"106,628.00",162.00,no,no assurances,"4,400.80",24.23,229.00,"Apparel, Accessories & Footwear",8.00,0.00,1,0.00,1.00
Teledyne Technologies Incorporated,"105,739.00",161.00,no,no assurances,"3,107.30",34.03,268.00,Aerospace & Defense,8.00,0.00,1,0.00,1.00
"Akamai Technologies, Inc.","105,138.00",160.00,no,limited,"3,276.56",32.09,262.00,Software & IT Services,32.00,0.00,1,0.00,1.00
"Anthem, Inc.","103,991.00",159.00,no,no assurances,"124,632.00",0.83,26.00,Managed Care,2.00,0.00,1,0.00,1.00
"W.W. Grainger, Inc.","103,096.00",158.00,no,limited,"11,880.00",8.68,137.00,Multiline and Specialty Retailers & Distributors,3.00,0.00,1,0.00,1.00
Snap-on Incorporated,"102,137.00",157.00,no,no assurances,"4,117.30",24.81,233.00,Industrial Machinery & Goods,7.00,0.00,1,0.00,1.00
"PulteGroup, Inc.","101,986.00",156.00,no,no assurances,"11,470.89",8.89,140.00,Home Builders,1.00,0.00,1,0.00,1.00
"Marsh & McLennan Companies, Inc.","101,072.00",155.00,no,no assurances,"17,656.00",5.72,101.00,Insurance,17.00,0.00,1,0.00,1.00
"Church & Dwight Co., Inc.","100,986.00",154.00,no,no assurances,"4,969.50",20.32,209.00,Household & Personal Products,2.00,0.00,1,0.00,1.00
Humana Inc.,"100,499.00",153.00,no,limited,"78,888.00",1.27,38.00,Managed Care,4.00,0.00,1,0.00,1.00
TransDigm Group Incorporated,"99,641.00",152.00,yes,no assurances,"4,496.00",22.16,221.00,Aerospace & Defense,6.00,0.00,1,0.00,1.00
Allegion plc,"99,492.00",151.00,no,no assurances,"2,739.50",36.32,277.00,Electrical & Electronic Equipment,11.00,0.00,1,0.00,1.00
"Automatic Data Processing, Inc.","98,901.00",150.00,no,limited,"14,645.20",6.75,115.00,Software & IT Services,19.00,0.00,1,0.00,1.00
Public Storage,"98,457.00",149.00,no,no assurances,"3,036.07",32.43,263.00,Real Estate,10.00,0.00,1,0.00,1.00
Pentair plc,"98,398.00",148.00,no,no assurances,"3,173.70",31.00,256.00,Industrial Machinery & Goods,9.00,0.00,1,0.00,1.00
"Fidelity National Information Services, Inc.","89,428.00",147.00,no,no assurances,"12,697.00",7.04,121.00,Software & IT Services,22.00,0.00,1,0.00,1.00
Dover Corporation,"87,842.00",146.00,yes,moderate,"6,895.72",12.74,175.00,Industrial Machinery & Goods,2.00,0.00,1,0.00,1.00
"Keysight Technologies, Inc.","87,206.00",145.00,no,no assurances,"4,632.00",18.83,203.00,Electrical & Electronic Equipment,5.00,0.00,1,0.00,1.00
Wells Fargo & Company,"86,017.00",144.00,no,limited,"63,718.00",1.35,41.00,Commercial Banks,3.00,"29,976.00",377,0.47,371.00
"MetLife, Inc.","85,601.00",143.00,no,no assurances,"65,094.00",1.32,39.00,Insurance,7.00,0.00,1,0.00,1.00
"salesforce.com, inc.","85,000.00",142.00,no,limited,"22,350.00",3.80,83.00,Software & IT Services,12.00,0.00,1,0.00,1.00
"Gilead Sciences, Inc.","84,450.00",141.00,no,type unknown,"25,564.00",3.30,76.00,Biotechnology & Pharmaceuticals,4.00,0.00,1,0.00,1.00
"CBRE Group, Inc.","83,100.00",140.00,no,reasonable,"23,875.91",3.48,79.00,Real Estate Services,1.00,0.00,1,0.00,1.00
Citigroup Inc.,"82,299.00",139.00,no,limited,"64,838.00",1.27,37.00,Commercial Banks,2.00,0.00,1,0.00,1.00
The Estée Lauder Companies Inc.,"81,100.00",137.00,yes,limited,"14,709.00",5.51,99.00,Household & Personal Products,1.00,0.00,1,0.00,1.00
"Regeneron Pharmaceuticals, Inc.","81,100.00",138.00,no,limited,"9,010.90",9.00,142.00,Biotechnology & Pharmaceuticals,9.00,0.00,1,0.00,1.00
PVH Corp.,"80,888.00",136.00,no,no assurances,"7,867.90",10.28,154.00,"Apparel, Accessories & Footwear",4.00,0.00,1,0.00,1.00
The Allstate Corporation,"80,123.00",135.00,no,limited,"47,376.00",1.69,48.00,Insurance,9.00,0.00,1,0.00,1.00
"Motorola Solutions, Inc.","79,246.00",134.00,yes,limited,"7,532.00",10.52,158.00,Hardware,7.00,0.00,1,0.00,1.00
Crown Castle International Corp. (REIT),"77,800.00",133.00,no,no assurances,"5,904.00",13.18,180.00,Real Estate,3.00,0.00,1,0.00,1.00
"American International Group, Inc.","77,262.00",132.00,no,no assurances,"43,155.00",1.79,53.00,Insurance,12.00,0.00,1,0.00,1.00
Regions Financial Corporation,"76,837.00",131.00,no,limited,"5,667.00",13.56,182.00,Commercial Banks,14.00,0.00,1,0.00,1.00
State Street Corporation,"74,469.00",130.00,no,limited,"11,545.00",6.45,111.00,Asset Management & Custody Activities,8.00,0.00,1,0.00,1.00
JPMorgan Chase & Co.,"73,757.00",129.00,no,limited,"118,484.00",0.62,19.00,Investment Banking & Brokerage,2.00,0.00,1,0.00,1.00
"Zimmer Biomet Holdings, Inc.","73,495.00",128.00,no,no assurances,"7,088.10",10.37,156.00,Medical Equipment & Supplies,11.00,0.00,1,0.00,1.00
V.F. Corporation,"72,058.00",127.00,no,limited,"9,238.83",7.80,130.00,"Apparel, Accessories & Footwear",2.00,0.00,1,0.00,1.00
IPG Photonics Corporation,"69,016.00",126.00,no,no assurances,"1,297.07",53.21,309.00,Semiconductors,14.00,0.00,1,0.00,1.00
"AvalonBay Communities, Inc.","68,828.00",125.00,no,limited,"2,249.75",30.59,254.00,Real Estate,8.00,0.00,1,0.00,1.00
NVIDIA Corporation,"68,753.00",124.00,no,limited,"19,256.00",3.57,81.00,Semiconductors,2.00,0.00,1,0.00,1.00
eBay Inc.,"66,562.00",123.00,yes,limited,"11,165.00",5.96,104.00,E-commerce,2.00,0.00,1,0.00,1.00
Xylem Inc.,"63,817.00",122.00,no,limited,"5,009.00",12.74,176.00,Industrial Machinery & Goods,3.00,0.00,1,0.00,1.00
"NetApp, Inc.","63,505.00",121.00,no,no assurances,"5,744.00",11.06,164.00,Hardware,8.00,0.00,1,0.00,1.00
Fox Corporation,"62,822.00",120.00,no,no assurances,"12,437.00",5.05,97.00,Media & Entertainment,3.00,0.00,1,0.00,1.00
Bank of America Corporation,"61,075.00",119.00,no,reasonable,"80,883.00",0.76,23.00,Commercial Banks,1.00,0.00,1,0.00,1.00
Fortive Corporation,"60,585.00",118.00,yes,no assurances,"4,785.50",12.66,174.00,Electrical & Electronic Equipment,2.00,0.00,1,0.00,1.00
Huntington Bancshares Incorporated,"60,201.00",117.00,no,no assurances,"4,475.00",13.45,181.00,Commercial Banks,13.00,0.00,1,0.00,1.00
"Tapestry, Inc.","59,367.00",116.00,no,no assurances,"4,845.70",12.25,171.00,"Apparel, Accessories & Footwear",5.00,0.00,1,0.00,1.00
"Prudential Financial, Inc.","59,014.00",115.00,no,limited,"60,576.00",0.97,30.00,Insurance,5.00,0.00,1,0.00,1.00
Biogen Inc.,"57,736.00",114.00,no,limited,"12,604.30",4.58,93.00,Biotechnology & Pharmaceuticals,6.00,"29,570.00",376,2.35,383.00
"The Interpublic Group of Companies, Inc.","55,531.00",113.00,no,no assurances,"8,120.10",6.84,118.00,Advertising & Marketing,2.00,0.00,1,0.00,1.00
"Boston Properties, Inc.","55,249.00",112.00,no,limited,"2,693.78",20.51,211.00,Real Estate,4.00,0.00,1,0.00,1.00
"Expeditors International of Washington, Inc.","54,452.00",111.00,no,no assurances,"11,572.16",4.71,94.00,Air Freight & Logistics,2.00,0.00,1,0.00,1.00
Boston Scientific Corporation,"53,731.00",110.00,no,no assurances,"10,122.00",5.31,98.00,Medical Equipment & Supplies,2.00,0.00,1,0.00,1.00
"Juniper Networks, Inc.","52,726.00",109.00,yes,no assurances,"4,521.50",11.66,169.00,Hardware,9.00,0.00,1,0.00,1.00
"Agilent Technologies, Inc.","52,666.00",108.00,no,moderate,"5,817.00",9.05,143.00,Medical Equipment & Supplies,8.00,0.00,1,0.00,1.00
Chubb Limited,"51,701.00",107.00,no,type unknown,"38,386.00",1.35,40.00,Insurance,8.00,0.00,1,0.00,1.00
Aon plc,"51,223.00",106.00,no,no assurances,"11,372.00",4.50,91.00,Insurance,16.00,0.00,1,0.00,1.00
IQVIA Holdings Inc.,"49,355.00",105.00,no,type unknown,"12,014.00",4.11,85.00,Biotechnology & Pharmaceuticals,5.00,0.00,1,0.00,1.00
KeyCorp,"48,703.00",104.00,no,no assurances,"6,402.00",7.61,127.00,Commercial Banks,8.00,0.00,1,0.00,1.00
"Leidos Holdings, Inc.","48,550.00",103.00,no,type unknown,"12,723.00",3.82,84.00,Software & IT Services,13.00,0.00,1,0.00,1.00
"Essex Property Trust, Inc.","47,711.00",102.00,no,no assurances,"1,515.39",31.48,258.00,Real Estate,9.00,0.00,1,0.00,1.00
"Intercontinental Exchange, Inc.","47,522.00",101.00,no,no assurances,"6,274.00",7.57,126.00,Security & Commodity Exchanges,4.00,0.00,1,0.00,1.00
Apple Inc.,"47,430.00",100.00,no,reasonable,"325,406.00",0.15,5.00,Hardware,1.00,0.00,1,0.00,1.00
Arthur J. Gallagher & Co.,"47,191.00",99.00,no,no assurances,"7,082.80",6.66,113.00,Professional & Commercial Services,9.00,0.00,1,0.00,1.00
Edwards Lifesciences Corporation,"46,215.00",98.00,yes,limited,"4,474.20",10.33,155.00,Medical Equipment & Supplies,10.00,0.00,1,0.00,1.00
"Under Armour, Inc.","46,132.00",97.00,no,no assurances,"4,801.62",9.61,148.00,"Apparel, Accessories & Footwear",3.00,0.00,1,0.00,1.00
Global Payments Inc.,"45,832.00",96.00,no,no assurances,"7,509.97",6.10,106.00,Software & IT Services,15.00,0.00,1,0.00,1.00
Nielsen Holdings plc,"45,362.00",95.00,no,limited,"6,311.00",7.19,123.00,Professional & Commercial Services,10.00,0.00,1,0.00,1.00
Omnicom Group Inc.,"44,961.00",94.00,no,no assurances,"13,191.10",3.41,78.00,Advertising & Marketing,1.00,0.00,1,0.00,1.00
"Broadridge Financial Solutions, Inc.","44,547.00",93.00,no,no assurances,"4,824.00",9.23,145.00,Software & IT Services,26.00,0.00,1,0.00,1.00
Adobe Inc.,"44,382.00",92.00,no,limited,"14,389.00",3.08,73.00,Software & IT Services,10.00,0.00,1,0.00,1.00
Booking Holdings Inc.,"44,367.00",91.00,no,no assurances,"5,649.00",7.85,131.00,Internet Media & Services,5.00,0.00,1,0.00,1.00
"Citizens Financial Group, Inc.","42,650.00",90.00,no,reasonable,"6,031.00",7.07,122.00,Commercial Banks,6.00,0.00,1,0.00,1.00
"UDR, Inc.","42,453.00",89.00,yes,limited,"1,241.52",34.19,270.00,Real Estate,11.00,0.00,1,0.00,1.00
Discover Financial Services,"40,167.00",88.00,no,no assurances,"8,033.00",5.00,96.00,Consumer Finance,4.00,0.00,1,0.00,1.00
M&T Bank Corporation,"39,563.00",87.00,no,no assurances,"5,410.59",7.31,124.00,Commercial Banks,7.00,0.00,1,0.00,1.00
KLA Corporation,"38,867.00",86.00,no,no assurances,"6,452.86",6.02,105.00,Semiconductors,3.00,0.00,1,0.00,1.00
Dentsply Sirona Inc.,"38,600.00",85.00,yes,no assurances,"3,495.00",11.04,163.00,Medical Equipment & Supplies,14.00,0.00,1,0.00,1.00
"Franklin Resources, Inc.","38,349.00",84.00,no,no assurances,"6,937.70",5.53,100.00,Asset Management & Custody Activities,7.00,0.00,1,0.00,1.00
Comerica Incorporated,"38,025.00",83.00,no,limited,"2,931.00",12.97,178.00,Commercial Banks,12.00,0.00,1,0.00,1.00
"Facebook, Inc.","37,594.00",82.00,no,limited,"94,399.00",0.40,12.00,Internet Media & Services,1.00,0.00,1,0.00,1.00
IDEX Corporation,"36,880.00",81.00,yes,no assurances,"2,409.22",15.31,191.00,Industrial Machinery & Goods,4.00,0.00,1,0.00,1.00
"PerkinElmer, Inc.","36,848.00",80.00,no,no assurances,"4,438.04",8.30,134.00,Medical Equipment & Supplies,5.00,0.00,1,0.00,1.00
"Illumina, Inc.","36,573.00",79.00,no,limited,"3,473.00",10.53,160.00,Medical Equipment & Supplies,13.00,0.00,1,0.00,1.00
"The Travelers Companies, Inc.","35,408.00",78.00,yes,limited,"32,386.00",1.09,35.00,Insurance,6.00,0.00,1,0.00,1.00
"Jack Henry & Associates, Inc.","34,924.00",77.00,yes,no assurances,"1,718.48",20.32,210.00,Software & IT Services,29.00,0.00,1,0.00,1.00
"Advanced Micro Devices, Inc.","32,251.00",76.00,no,limited,"11,422.00",2.82,70.00,Semiconductors,1.00,0.00,1,0.00,1.00
Kimco Realty Corporation,"31,792.00",75.00,yes,limited,"1,050.46",30.26,253.00,Real Estate,7.00,0.00,1,0.00,1.00
"Teradyne, Inc.","31,653.00",74.00,no,no assurances,"3,198.72",9.90,152.00,Semiconductors,8.00,0.00,1,0.00,1.00
"Bio-Rad Laboratories, Inc.","31,482.00",73.00,no,no assurances,"2,700.78",11.66,168.00,Medical Equipment & Supplies,15.00,0.00,1,0.00,1.00
"Netflix, Inc.","31,024.00",72.00,no,limited,"26,391.65",1.18,36.00,Internet Media & Services,2.00,0.00,1,0.00,1.00
"IDEXX Laboratories, Inc.","30,086.00",71.00,no,no assurances,"2,858.03",10.53,159.00,Medical Equipment & Supplies,12.00,0.00,1,0.00,1.00
"Cadence Design Systems, Inc.","29,244.00",70.00,no,no assurances,"2,800.96",10.44,157.00,Software & IT Services,27.00,0.00,1,0.00,1.00
Equifax Inc.,"27,940.00",69.00,no,no assurances,"4,382.60",6.38,109.00,Professional & Commercial Services,8.00,0.00,1,0.00,1.00
"C.H. Robinson Worldwide, Inc.","27,796.00",68.00,no,no assurances,"17,205.97",1.62,47.00,Air Freight & Logistics,1.00,0.00,1,0.00,1.00
"Henry Schein, Inc.","27,519.00",67.00,no,no assurances,"10,615.23",2.59,66.00,Health Care Distributors,3.00,0.00,1,0.00,1.00
Mettler-Toledo International Inc.,"26,445.00",66.00,no,limited,"3,240.41",8.16,133.00,Medical Equipment & Supplies,4.00,0.00,1,0.00,1.00
"Principal Financial Group, Inc.","26,259.00",65.00,yes,limited,"13,398.90",1.96,57.00,Insurance,13.00,0.00,1,0.00,1.00
Northern Trust Corporation,"25,761.00",64.00,no,limited,"6,062.50",4.25,89.00,Asset Management & Custody Activities,6.00,0.00,1,0.00,1.00
"PayPal Holdings, Inc.","25,000.00",63.00,yes,limited,"22,869.00",1.09,34.00,Software & IT Services,6.00,0.00,1,0.00,1.00
"Synopsys, Inc.","24,993.00",62.00,no,limited,"3,984.22",6.27,107.00,Software & IT Services,16.00,0.00,1,0.00,1.00
"Expedia Group, Inc.","24,833.00",61.00,no,limited,"4,236.00",5.86,102.00,Internet Media & Services,4.00,0.00,1,0.00,1.00
Regency Centers Corporation,"24,682.00",60.00,no,limited,"1,039.22",23.75,226.00,Real Estate,6.00,0.00,1,0.00,1.00
Cincinnati Financial Corporation,"24,408.00",59.00,no,no assurances,"9,862.00",2.47,64.00,Insurance,15.00,0.00,1,0.00,1.00
Jacobs Engineering Group Inc.,"24,329.00",58.00,yes,limited,"13,709.45",1.77,52.00,Professional & Commercial Services,4.00,0.00,1,0.00,1.00
SBA Communications Corporation,"24,300.00",57.00,no,no assurances,"2,114.81",11.49,167.00,Engineering & Construction Services,1.00,0.00,1,0.00,1.00
"Hologic, Inc.","23,781.00",56.00,no,no assurances,"5,317.20",4.47,90.00,Medical Equipment & Supplies,1.00,0.00,1,0.00,1.00
ResMed Inc.,"23,028.00",55.00,no,no assurances,"3,091.07",7.45,125.00,Medical Equipment & Supplies,3.00,0.00,1,0.00,1.00
Unum Group,"22,618.00",54.00,yes,limited,"13,363.00",1.69,49.00,Insurance,10.00,0.00,1,0.00,1.00
Waters Corporation,"22,156.00",53.00,no,no assurances,"2,508.97",8.83,138.00,Medical Equipment & Supplies,6.00,0.00,1,0.00,1.00
American Express Company,"22,084.00",52.00,no,limited,"33,407.00",0.66,22.00,Consumer Finance,2.00,0.00,1,0.00,1.00
"Xilinx, Inc.","21,876.00",51.00,no,no assurances,"3,147.60",6.95,119.00,Semiconductors,4.00,0.00,1,0.00,1.00
"T. Rowe Price Group, Inc.","21,457.00",50.00,no,limited,"6,570.90",3.27,75.00,Asset Management & Custody Activities,5.00,0.00,1,0.00,1.00
"Citrix Systems, Inc.","21,418.00",49.00,no,limited,"3,151.52",6.80,116.00,Software & IT Services,20.00,0.00,1,0.00,1.00
CME Group Inc.,"20,961.00",48.00,no,no assurances,"4,602.60",4.55,92.00,Security & Commodity Exchanges,3.00,0.00,1,0.00,1.00
"ServiceNow, Inc.","20,410.00",47.00,no,no assurances,"4,833.48",4.22,87.00,Software & IT Services,14.00,0.00,1,0.00,1.00
NortonLifeLock Inc.,"19,408.00",46.00,no,no assurances,"2,551.00",7.61,128.00,Software & IT Services,23.00,0.00,1,0.00,1.00
S&P Global Inc.,"18,780.00",45.00,no,limited,"7,672.00",2.45,63.00,Professional & Commercial Services,6.00,0.00,1,0.00,1.00
Federal Realty Investment Trust,"18,027.00",44.00,no,no assurances,813.86,22.15,220.00,Real Estate,5.00,0.00,1,0.00,1.00
CDW Corporation,"17,899.00",43.00,no,no assurances,"18,915.80",0.95,29.00,Software & IT Services,5.00,0.00,1,0.00,1.00
"Assurant, Inc.","17,675.00",42.00,no,limited,"10,072.80",1.75,51.00,Insurance,11.00,0.00,1,0.00,1.00
Robert Half International Inc.,"17,552.00",41.00,no,no assurances,"5,000.69",3.51,80.00,Professional & Commercial Services,7.00,0.00,1,0.00,1.00
Synchrony Financial,"17,385.00",40.00,no,no assurances,"6,715.00",2.59,65.00,Consumer Finance,3.00,0.00,1,0.00,1.00
"ANSYS, Inc.","16,045.00",39.00,no,no assurances,"1,739.54",9.22,144.00,Software & IT Services,25.00,0.00,1,0.00,1.00
"F5 Networks, Inc.","14,642.00",38.00,no,no assurances,"2,467.97",5.93,103.00,Hardware,6.00,0.00,1,0.00,1.00
Visa Inc.,"13,923.00",37.00,no,limited,"21,354.00",0.65,20.00,Software & IT Services,4.00,0.00,1,0.00,1.00
"The Goldman Sachs Group, Inc.","13,701.00",36.00,no,limited,"51,430.00",0.27,9.00,Investment Banking & Brokerage,1.00,"16,617.00",371,0.32,370.00
"Monolithic Power Systems, Inc.","13,557.00",35.00,no,no assurances,933.13,14.53,189.00,Semiconductors,10.00,0.00,1,0.00,1.00
Vertex Pharmaceuticals Incorporated,"13,449.00",34.00,no,limited,"6,414.88",2.10,60.00,Biotechnology & Pharmaceuticals,2.00,0.00,1,0.00,1.00
Fifth Third Bancorp,"12,995.00",33.00,no,limited,"7,411.00",1.75,50.00,Commercial Banks,5.00,0.00,1,0.00,1.00
Aflac Incorporated,"12,121.00",32.00,no,limited,"22,854.00",0.53,16.00,Insurance,4.00,0.00,1,0.00,1.00
Zebra Technologies Corporation,"11,500.00",31.00,no,limited,"4,743.00",2.42,62.00,Hardware,3.00,0.00,1,0.00,1.00
"Cboe Global Markets, Inc.","11,325.00",30.00,yes,no assurances,"3,516.40",3.22,74.00,Security & Commodity Exchanges,2.00,0.00,1,0.00,1.00
"Alexion Pharmaceuticals, Inc.","11,264.00",29.00,no,reasonable,"6,261.60",1.80,55.00,Biotechnology & Pharmaceuticals,1.00,0.00,1,0.00,1.00
Trimble Inc.,"9,700.00",28.00,yes,no assurances,"3,241.90",2.99,72.00,Electrical & Electronic Equipment,1.00,0.00,1,0.00,1.00
Invesco Ltd.,"9,117.00",27.00,yes,no assurances,"6,206.40",1.47,45.00,Asset Management & Custody Activities,4.00,0.00,1,0.00,1.00
"The Hartford Financial Services Group, Inc.","8,771.00",26.00,yes,limited,"20,837.00",0.42,13.00,Insurance,2.00,0.00,1,0.00,1.00
Monster Beverage Corporation,"8,600.00",25.00,no,no assurances,"4,780.36",1.80,56.00,Non-Alcoholic Beverages,1.00,0.00,1,0.00,1.00
Lincoln National Corporation,"8,492.00",24.00,no,moderate,"17,548.00",0.48,15.00,Insurance,3.00,0.00,1,0.00,1.00
The Bank of New York Mellon Corporation,"8,359.00",23.00,no,limited,"15,537.00",0.54,17.00,Asset Management & Custody Activities,3.00,0.00,1,0.00,1.00
Incyte Corporation,"7,848.00",22.00,no,no assurances,"2,702.91",2.90,71.00,Biotechnology & Pharmaceuticals,3.00,0.00,1,0.00,1.00
"Tyler Technologies, Inc.","7,626.00",21.00,no,no assurances,"1,134.92",6.72,114.00,Software & IT Services,18.00,0.00,1,0.00,1.00
SVB Financial Group,"7,340.00",20.00,no,no assurances,"4,549.39",1.61,46.00,Commercial Banks,4.00,0.00,1,0.00,1.00
Capital One Financial Corporation,"7,198.00",19.00,no,limited,"24,369.00",0.30,11.00,Consumer Finance,1.00,0.00,1,0.00,1.00
"Hasbro, Inc.","5,895.00",18.00,no,moderate,"5,474.64",1.08,32.00,Toys & Sporting Goods,1.00,0.00,1,0.00,1.00
"Paychex, Inc.","5,746.00",17.00,no,no assurances,"4,056.80",1.42,43.00,Software & IT Services,8.00,0.00,1,0.00,1.00
"Arista Networks, Inc.","5,099.00",16.00,no,no assurances,"2,462.05",2.07,59.00,Hardware,2.00,0.00,1,0.00,1.00
"Nasdaq, Inc.","4,511.00",15.00,no,no assurances,"5,926.00",0.76,24.00,Security & Commodity Exchanges,1.00,0.00,1,0.00,1.00
"BlackRock, Inc.","4,289.00",14.00,no,limited,"16,893.00",0.25,8.00,Asset Management & Custody Activities,2.00,0.00,1,0.00,1.00
Intuit Inc.,"4,230.00",13.00,no,no assurances,"8,888.00",0.48,14.00,Software & IT Services,3.00,0.00,1,0.00,1.00
"Gartner, Inc.","3,949.00",12.00,yes,no assurances,"4,184.55",0.94,28.00,Professional & Commercial Services,2.00,0.00,1,0.00,1.00
"Prologis, Inc.","3,841.00",11.00,no,limited,"4,884.50",0.79,25.00,Real Estate,2.00,0.00,1,0.00,1.00
"Fortinet, Inc.","3,811.00",10.00,no,limited,"2,727.00",1.40,42.00,Software & IT Services,7.00,0.00,1,0.00,1.00
MSCI Inc.,"3,624.00",9.00,no,limited,"1,757.03",2.06,58.00,Professional & Commercial Services,5.00,0.00,1,0.00,1.00
Mastercard Incorporated,"3,489.00",8.00,no,limited,"15,447.00",0.23,6.00,Software & IT Services,1.00,0.00,1,0.00,1.00
"Verisk Analytics, Inc.","3,039.00",7.00,no,limited,"2,820.90",1.08,33.00,Professional & Commercial Services,3.00,0.00,1,0.00,1.00
Moody's Corporation,"1,667.00",6.00,no,limited,"5,681.00",0.29,10.00,Professional & Commercial Services,1.00,0.00,1,0.00,1.00
"Ameriprise Financial, Inc.","1,640.00",5.00,no,limited,"12,287.00",0.13,3.00,Asset Management & Custody Activities,1.00,0.00,1,0.00,1.00
W. R. Berkley Corporation,"1,097.00",4.00,yes,no assurances,"8,445.18",0.13,2.00,Insurance,1.00,0.00,1,0.00,1.00
"Autodesk, Inc.",970.00,3.00,no,limited,"3,894.00",0.25,7.00,Software & IT Services,2.00,0.00,1,0.00,1.00
"Etsy, Inc.",298.00,2.00,no,limited,"2,048.22",0.15,4.00,E-commerce,1.00,0.00,1,0.00,1.00
Realty Income Corporation,131.00,1.00,no,no assurances,"1,680.09",0.08,1.00,Real Estate,1.00,0.00,1,0.00,1.00
"Evergy, Inc.",,443.00,no report,no 2020 GHG data,"5,408.60",,443.00,Electric Utilities & Power Generators,23.00,"26,494,543.00",485,"4,898.60",500.00
Atmos Energy Corporation,,443.00,no report,no 2020 GHG data,"3,201.46",,443.00,Gas Utilities & Distributors,3.00,"1,006,969.00",435,314.53,457.00
Berkshire Hathaway Inc.,,443.00,no report,no 2020 GHG data,"248,844.00",,443.00,Insurance,18.00,"64,545,297.00",497,259.38,451.00
Loews Corporation,,443.00,no report,no 2020 GHG data,"13,072.00",,443.00,Insurance,18.00,"2,660,914.00",449,203.56,444.00
"Lamb Weston Holdings, Inc.",,443.00,no report,no 2020 GHG data,"3,510.30",,443.00,Processed Foods,10.00,"478,238.00",425,136.24,441.00
"Leggett & Platt, Incorporated",,443.00,no report,no 2020 GHG data,"4,385.60",,443.00,Building Products & Furnishings,4.00,"82,485.00",397,18.81,420.00
"Maxim Integrated Products, Inc.",,443.00,no report,no 2020 GHG data,"2,458.04",,443.00,Semiconductors,20.00,"33,634.00",380,13.68,415.00
"Huntington Ingalls Industries, Inc.",,443.00,no report,no 2020 GHG data,"9,376.00",,443.00,Aerospace & Defense,11.00,"55,380.00",388,5.91,401.00
"Tesla, Inc.",,443.00,no report,no 2020 GHG data,"35,940.00",,443.00,Automobiles,3.00,"23,613.00",374,0.66,372.00
"Abiomed, Inc.",,443.00,no report,no 2020 GHG data,847.52,,443.00,Medical Equipment & Supplies,23.00,0.00,1,0.00,1.00
"Activision Blizzard, Inc.",,443.00,no report,no 2020 GHG data,"8,573.00",,443.00,Software & IT Services,34.00,0.00,1,0.00,1.00
"Advance Auto Parts, Inc.",,443.00,no report,no 2020 GHG data,"10,738.81",,443.00,Multiline and Specialty Retailers & Distributors,17.00,0.00,1,0.00,1.00
"Align Technology, Inc.",,443.00,no report,no 2020 GHG data,"2,815.75",,443.00,Medical Equipment & Supplies,23.00,0.00,1,0.00,1.00
"Copart, Inc.",,443.00,no report,no 2020 GHG data,"2,469.54",,443.00,Professional & Commercial Services,11.00,0.00,1,0.00,1.00
"D.R. Horton, Inc.",,443.00,no report,no 2020 GHG data,"24,170.70",,443.00,Home Builders,2.00,0.00,1,0.00,1.00
"DexCom, Inc.",,443.00,no report,no 2020 GHG data,"2,026.60",,443.00,Medical Equipment & Supplies,23.00,0.00,1,0.00,1.00
"Discovery, Inc.",,443.00,no report,no 2020 GHG data,"10,780.00",,443.00,Media & Entertainment,4.00,0.00,1,0.00,1.00
DISH Network Corporation,,443.00,no report,no 2020 GHG data,"16,773.90",,443.00,Telecommunication Services,7.00,0.00,1,0.00,1.00
"Domino's Pizza, Inc.",,443.00,no report,no 2020 GHG data,"4,228.01",,443.00,Restaurants,5.00,0.00,1,0.00,1.00
Duke Realty Corporation,,443.00,no report,no 2020 GHG data,"1,068.07",,443.00,Real Estate,25.00,0.00,1,0.00,1.00
Electronic Arts Inc.,,443.00,no report,no 2020 GHG data,"5,629.00",,443.00,Software & IT Services,34.00,0.00,1,0.00,1.00
"Enphase Energy, Inc.",,443.00,no report,no 2020 GHG data,870.63,,443.00,Solar Technology & Project Developers,1.00,0.00,1,0.00,1.00
"Everest Re Group, Ltd.",,443.00,no report,no 2020 GHG data,"10,335.97",,443.00,Insurance,18.00,0.00,1,0.00,1.00
Fastenal Company,,443.00,no report,no 2020 GHG data,"5,697.30",,443.00,Multiline and Specialty Retailers & Distributors,17.00,0.00,1,0.00,1.00
First Republic Bank,,443.00,no report,no 2020 GHG data,"4,055.13",,443.00,Commercial Banks,15.00,0.00,1,0.00,1.00
"Fiserv, Inc.",,443.00,no report,no 2020 GHG data,"14,838.00",,443.00,Software & IT Services,34.00,0.00,1,0.00,1.00
"FLEETCOR Technologies, Inc.",,443.00,no report,no 2020 GHG data,"2,336.39",,443.00,Software & IT Services,34.00,0.00,1,0.00,1.00
Garmin Ltd.,,443.00,no report,no 2020 GHG data,"4,402.79",,443.00,Hardware,13.00,0.00,1,0.00,1.00
Generac Holdings Inc.,,443.00,no report,no 2020 GHG data,"2,816.72",,443.00,Electrical & Electronic Equipment,18.00,0.00,1,0.00,1.00
Genuine Parts Company,,443.00,no report,no 2020 GHG data,"16,909.62",,443.00,Multiline and Specialty Retailers & Distributors,17.00,0.00,1,0.00,1.00
Globe Life Inc.,,443.00,no report,no 2020 GHG data,"4,871.43",,443.00,Insurance,18.00,0.00,1,0.00,1.00
IHS Markit Ltd.,,443.00,no report,no 2020 GHG data,"4,481.70",,443.00,Professional & Commercial Services,11.00,0.00,1,0.00,1.00
"Intuitive Surgical, Inc.",,443.00,no report,no 2020 GHG data,"4,551.00",,443.00,Medical Equipment & Supplies,23.00,0.00,1,0.00,1.00
Lennar Corporation,,443.00,no report,no 2020 GHG data,"24,451.86",,443.00,Home Builders,2.00,0.00,1,0.00,1.00
"Live Nation Entertainment, Inc.",,443.00,no report,no 2020 GHG data,786.09,,443.00,Leisure Facilities,1.00,0.00,1,0.00,1.00
MarketAxess Holdings Inc.,,443.00,no report,no 2020 GHG data,715.61,,443.00,Professional & Commercial Services,11.00,0.00,1,0.00,1.00
NOV Inc.,,443.00,no report,no 2020 GHG data,"5,456.00",,443.00,Oil & Gas – Services,4.00,0.00,1,0.00,1.00
"NVR, Inc.",,443.00,no report,no 2020 GHG data,"8,017.52",,443.00,Home Builders,2.00,0.00,1,0.00,1.00
"O'Reilly Automotive, Inc.",,443.00,no report,no 2020 GHG data,"12,218.91",,443.00,Multiline and Specialty Retailers & Distributors,17.00,0.00,1,0.00,1.00
Organon & Co.,,443.00,no report,no 2020 GHG data,"7,822.00",,443.00,Biotechnology & Pharmaceuticals,20.00,0.00,1,0.00,1.00
"Paycom Software, Inc.",,443.00,no report,no 2020 GHG data,871.26,,443.00,Software & IT Services,34.00,0.00,1,0.00,1.00
"Penn National Gaming, Inc.",,443.00,no report,no 2020 GHG data,"3,737.50",,443.00,Casinos & Gaming,4.00,0.00,1,0.00,1.00
"People's United Financial, Inc.",,443.00,no report,no 2020 GHG data,"1,912.60",,443.00,Commercial Banks,15.00,0.00,1,0.00,1.00
Pool Corporation,,443.00,no report,no 2020 GHG data,"4,320.08",,443.00,Multiline and Specialty Retailers & Distributors,17.00,0.00,1,0.00,1.00
PTC Inc.,,443.00,no report,no 2020 GHG data,"1,633.54",,443.00,Software & IT Services,34.00,0.00,1,0.00,1.00
"Raymond James Financial, Inc.",,443.00,no report,no 2020 GHG data,"8,461.00",,443.00,Investment Banking & Brokerage,4.00,0.00,1,0.00,1.00
"Rollins, Inc.",,443.00,no report,no 2020 GHG data,"2,208.87",,443.00,Professional & Commercial Services,11.00,0.00,1,0.00,1.00
"Roper Technologies, Inc.",,443.00,no report,no 2020 GHG data,"5,705.00",,443.00,Software & IT Services,34.00,0.00,1,0.00,1.00
STERIS plc,,443.00,no report,no 2020 GHG data,"3,107.52",,443.00,Medical Equipment & Supplies,23.00,0.00,1,0.00,1.00
"Take-Two Interactive Software, Inc.",,443.00,no report,no 2020 GHG data,"3,372.77",,443.00,Software & IT Services,34.00,0.00,1,0.00,1.00
Teleflex Incorporated,,443.00,no report,no 2020 GHG data,"2,540.44",,443.00,Medical Equipment & Supplies,23.00,0.00,1,0.00,1.00
The Charles Schwab Corporation,,443.00,no report,no 2020 GHG data,"13,789.00",,443.00,Investment Banking & Brokerage,4.00,0.00,1,0.00,1.00
The Western Union Company,,443.00,no report,no 2020 GHG data,"4,855.00",,443.00,Software & IT Services,34.00,0.00,1,0.00,1.00
"Twitter, Inc.",,443.00,no report,no 2020 GHG data,"3,944.73",,443.00,Internet Media & Services,6.00,0.00,1,0.00,1.00
"Universal Health Services, Inc.",,443.00,no report,no 2020 GHG data,"11,742.22",,443.00,Health Care Delivery,5.00,0.00,1,0.00,1.00
"VeriSign, Inc.",,443.00,no report,no 2020 GHG data,"1,276.15",,443.00,Software & IT Services,34.00,0.00,1,0.00,1.00
Willis Towers Watson Public Limited Company,,443.00,no report,no 2020 GHG data,"9,476.00",,443.00,Insurance,18.00,0.00,1,0.00,1.00
"Zions Bancorporation, National Association",,443.00,no report,no 2020 GHG data,"2,800.00",,443.00,Commercial Banks,15.00,0.00,1,0.00,1.00
